question,answer
What is the MS in Software Engineering - Enterprise Software Technologies program about?,"The MS in Software Engineering - Enterprise Software Technologies program prepares students to be technical leaders in software development, focusing on distributed N-Tier Client/Server architectures and the latest technologies and trends in Enterprise software development."
What are the required specialization core classes for the MS in Software Engineering - Enterprise Software Technologies program?,"The required specialization core classes are CMPE 273 Enterprise Distributed Systems and CMPE 275 Enterprise Application Development, totaling 6 units."
What are the specialization choice classes for the MS in Software Engineering - Enterprise Software Technologies program?,"The specialization choice classes are CMPE 281 Cloud Technologies, CMPE 283 Virtualization Technologies, CMPE 285 Software Engineering Processes, CMPE 287 Software Quality Assurance and Testing, CMPE 206 Computer Network Design, CMPE 207 Network Programming and Applications, CMPE 257 Machine Learning, CMPE 258 Deep Learning, CMPE 209 Network Security, and CMPE 279 Software Security Technologies, totaling 3 units."
Can I take both required specialization core classes in the same semester?,"No, you must take both required specialization core classes, CMPE 273 and CMPE 275, which total 6 units, and cannot be taken in the same semester."
Can I take more than one specialization choice class in the same semester?,"No, you can only take one specialization choice class, which totals 3 units, in the same semester."
Can I take a specialization choice class that is not listed?,"No, you must choose from the listed specialization choice classes, CMPE 281, CMPE 283, CMPE 285, CMPE 287, CMPE 206, CMPE 207, CMPE 257, CMPE 258, CMPE 209, and CMPE 279."
Can AI students take SE courses?,"Yes, AI students can take SE courses, but please check with the department advisor for any enrollment restrictions or prerequisites."
Can SE students take AI courses?,"Yes, SE students can take AI courses, but please check with the department advisor for any enrollment restrictions or prerequisites."
What is the typical duration of the MS in Software Engineering - Enterprise Software Technologies program?,"The typical duration of the MS in Software Engineering - Enterprise Software Technologies program is 2 years, but may vary depending on individual circumstances."
Can I take the MS in Software Engineering - Enterprise Software Technologies program part-time?,"Yes, the MS in Software Engineering - Enterprise Software Technologies program can be taken part-time, but please check with the department advisor for any enrollment restrictions or prerequisites."
What is the tuition fee for the MS in Software Engineering - Enterprise Software Technologies program?,"The tuition fee for the MS in Software Engineering - Enterprise Software Technologies program varies depending on residency and other factors, please check with the SJSU Bursar's Office for the most up-to-date information."
Can I apply to the MS in Software Engineering - Enterprise Software Technologies program if I do not have a background in software engineering?,"Yes, you can apply to the MS in Software Engineering - Enterprise Software Technologies program if you do not have a background in software engineering, but please check with the department advisor for any prerequisites or requirements."
What is the admission process for the MS in Software Engineering - Enterprise Software Technologies program?,"The admission process for the MS in Software Engineering - Enterprise Software Technologies program involves submitting an application, transcripts, and other required documents, please check with the SJSU Graduate Admissions Office for the most up-to-date information."
Can I transfer credits from another institution to the MS in Software Engineering - Enterprise Software Technologies program?,"Yes, you can transfer credits from another institution to the MS in Software Engineering - Enterprise Software Technologies program, but please check with the department advisor for any transfer credit policies or requirements."
What is the deadline for applying to the MS in Software Engineering - Enterprise Software Technologies program?,"The deadline for applying to the MS in Software Engineering - Enterprise Software Technologies program varies depending on the semester, please check with the SJSU Graduate Admissions Office for the most up-to-date information."
What are the program requirements for MS in Software Engineering at SJSU?,"The program requirements for MS in Software Engineering at SJSU include completing 33 semester units of graduate study, meeting a competency in written English requirement, and completing 9 units of degree core courses, 9 units of required specialization courses, 6 units of elective courses, and 6 units of master's project or thesis."
Can students admitted prior to Fall 2020 follow the old program requirements?,"Yes, students admitted prior to Fall 2020 can continue to follow the course catalog published prior to Fall 2020 and follow the program requirements in effect at the time of their admission."
What are the changes to the program requirements for students admitted for Fall 2020 or later?,"The changes include an increase from 6 to 9 units for degree core classes, new classes for the Data Science specialization, reduction from 9 to 6 units for elective classes, and an increase in total required units from 30 to 33 units for the MS Software Engineering degree."
What are the degree core courses required for the MS in Software Engineering program?,"The degree core courses required are CMPE 272 (Enterprise Software Overview), CMPE 202 (Software Systems Engineering), and CMPE 255 (Data Mining)."
What are the required specialization courses for the MS in Software Engineering program?,Students must take two required specialization core classes from one of the six specializations plus one specialization choice class from one of the other five specializations.
Can I take elective courses from other departments?,"Yes, with prior advisor approval, students can take elective courses from other departments."
What are the culminating experience options for the MS in Software Engineering program?,Students can choose to complete a Master's Project (6 units) or a Master's Thesis (6 units).
What is the competency in written English requirement?,All graduate students are required to complete a competency in written English class as a requirement for graduation. The university catalog specifies alternate ways for meeting the competency in written English requirement.
Can AI students take SE courses?,"No, AI students are not eligible to take SE courses. However, students from other departments may be permitted to take SE courses with prior advisor approval."
What is the total number of units required for the MS in Software Engineering degree?,The total number of units required for the MS in Software Engineering degree is 33 units.
Can I graduate using the Fall 2020 catalog if I was admitted prior to Fall 2020?,"Yes, students admitted prior to Fall 2020 may choose to graduate using the Fall 2020 catalog, but they must meet all new requirements and cannot pick a subset of the requirements."
What are the specialization options for the MS in Software Engineering program?,"The specialization options are Enterprise Software Technologies, Cloud Computing and Virtualization, Software Systems Engineering, Networking Software, Data Science, and Cybersecurity."
Can I take CMPE 294 or ENGR 200W to meet the competency in written English requirement?,"Yes, the Computer Engineering department requires that if a course must be taken to meet the competency in written English requirement, that the course must be CMPE 294 (preferred) or ENGR 200W."
What are the course numbers for the Master's Project and Master's Thesis courses?,"The course numbers for the Master's Project are CMPE 295A and CMPE 295B, and the course numbers for the Master's Thesis are CMPE 299A and CMPE 299B."
Can I take CMPE 295A or CMPE 299A concurrently with other courses?,"No, only one of the two classes can be taken concurrently with CMPE 295A or CMPE 299A, but NOT both, and cannot be taken after CMPE 295A."
What are the requirements for completing the Culminating Experience?,The degree core and specialization core must be completed before beginning the Culminating Experience. It is advised that the specialization choice and CMPE 294/ENGR 200W be completed before taking CMPE 295A or CMPE 299A.
Can I take elective courses from other departments with prior advisor approval?,"Yes, with prior advisor approval, students can take elective courses from other departments."
What are the alternate ways to meet the competency in written English requirement?,The university catalog specifies alternate ways for meeting the competency in written English requirement.
Can I take CMPE 294 or ENGR 200W to meet the competency in written English requirement?,"Yes, the Computer Engineering department requires that if a course must be taken to meet the competency in written English requirement, that the course must be CMPE 294 (preferred) or ENGR 200W."
What are the course numbers for the Master's Project and Master's Thesis courses?,"The course numbers for the Master's Project are CMPE 295A and CMPE 295B, and the course numbers for the Master's Thesis are CMPE 299A and CMPE 299B."
Can I take CMPE 295A or CMPE 299A concurrently with other courses?,"No, only one of the two classes can be taken concurrently with CMPE 295A or CMPE 299A, but NOT both, and cannot be taken after CMPE 295A."
What are the requirements for completing the Culminating Experience?,The degree core and specialization core must be completed before beginning the Culminating Experience. It is advised that the specialization choice and CMPE 294/ENGR 200W be completed before taking CMPE 295A or CMPE 299A.
What are the university admission requirements for the MS in Artificial Intelligence program at SJSU?,"Candidates must meet all university admission requirements, which can be found at https://catalog.sjsu.edu/content.php?catoid=2&navoid=101."
Can I be admitted to the MS in Artificial Intelligence program in classified or conditionally classified standing?,"Yes, applicants can be admitted in either classified or conditionally classified standing. If an applicant's preparation for advanced graduate work is considered inadequate, conditions may include taking preparatory courses to meet course prerequisites or departmental requirements."
What are the specific requirements for acceptance by the Department of Computer Engineering?,"Applicants must satisfy the following requirements: an undergraduate degree in math, physics, computer science, engineering, or a closely related field, with demonstrated college-level courses in programming, data structures, algorithm design, three-semester sequence of calculus, linear algebra, and statistics; an undergraduate GPA of 3.0 or higher; and GRE scores (if applicable)."
Do I need to take the GRE if my undergraduate program is not ABET-accredited?,"Yes, if your undergraduate program is not ABET-accredited, you are required to take the GRE with a minimum score of 305 (q+v) and 3.0 (AWA)."
Can I waive the GRE requirement?,"Yes, the GRE requirement may be waived if you hold a CS/CMPE or related degree from an accredited US institution, or a graduate (MS/PhD) degree in a STEM domain. This is evaluated on a case-by-case basis. Please email [msai@sjsu.edu](mailto:msai@sjsu.edu) with your specifics."
What are the English-language proficiency test requirements for international applicants?,"International applicants must meet SJSU's minimum requirements on English-language proficiency tests, which can be found at /admissions/graduate/admission-requirements/index.php."
What is the minimum undergraduate GPA required for admission?,The minimum undergraduate GPA required for admission is 3.0 or higher.
Can I take SE courses as an AI student?,"Yes, AI students can take SE courses, but please check the course prerequisites and departmental requirements to ensure you meet the necessary conditions."
Can SE students take AI courses?,"Yes, SE students can take AI courses, but please check the course prerequisites and departmental requirements to ensure you meet the necessary conditions."
How do I check my application status?,You can check your application status on the SJSU admissions website or by contacting the Department of Computer Engineering directly.
What is the deadline for applying to the MS in Artificial Intelligence program?,"The deadline for applying to the MS in Artificial Intelligence program varies, please check the SJSU admissions website for the most up-to-date information."
Can I apply to the MS in Artificial Intelligence program if I do not have a background in computer science or engineering?,"While a background in computer science or engineering is preferred, it is not required. However, you must demonstrate college-level courses in programming, data structures, algorithm design, three-semester sequence of calculus, linear algebra, and statistics."
How do I contact the Department of Computer Engineering for more information?,You can email [msai@sjsu.edu](mailto:msai@sjsu.edu) or contact the Department of Computer Engineering directly for more information.
What is the MS in Software Engineering - Cybersecurity Specialization program about?,"The MS in Software Engineering - Cybersecurity Specialization program is designed to provide students with hands-on experience in design, development, testing, and deployment of secure systems, as well as a solid understanding of organizational risk management and records integrity."
Why is cybersecurity important in today's digital world?,"Cybersecurity is of the highest priority for consumers, business leaders, and government officials, as fewer than 10 percent of the estimated 30,000 skilled security talent needed is currently available in the workforce."
What are the required specialization core classes for the MS in Software Engineering - Cybersecurity Specialization program?,"The required specialization core classes are CMPE 209 Network Security and CMPE 279 Software Security Technologies, which are both 3-unit classes."
How many units are required for the specialization choice classes?,"The specialization choice classes require 3 units, and students must take one of the following classes: CMPE 273, CMPE 275, CMPE 281, CMPE 283, CMPE 285, CMPE 287, CMPE 206, CMPE 207, CMPE 257, or CMPE 258."
Can I take CMPE 209 and CMPE 279 in the same semester?,"Yes, you can take both CMPE 209 and CMPE 279 in the same semester, as they are both 3-unit classes and are required for the specialization core."
Can I take more than one specialization choice class?,"No, you can only take one specialization choice class, as it is a 3-unit class and is required for the specialization."
Can I take CMPE 257 and CMPE 258 in the same semester?,"Yes, you can take both CMPE 257 and CMPE 258 in the same semester, as they are both 3-unit classes and are part of the specialization choice options."
Can I take this program as an AI student?,"Yes, AI students can take this program, but they must meet the same admission requirements as other students."
Can I take this program as a part-time student?,"Yes, this program can be taken part-time, but students must meet the same admission requirements as full-time students."
What is the typical duration of the MS in Software Engineering - Cybersecurity Specialization program?,"The typical duration of the program is 2 years, but it can vary depending on the student's course load and other factors."
Can I transfer credits from another institution to this program?,"Yes, students can transfer credits from another institution to this program, but they must meet the transfer credit requirements and have the credits approved by the department."
What is the tuition fee for this program?,"The tuition fee for this program is $1,440 per unit, and students must also pay other fees such as the student services fee and the health services fee."
Can I get financial aid for this program?,"Yes, students can get financial aid for this program, but they must meet the financial aid requirements and apply for aid through the SJSU financial aid office."
What is the deadline for applying to this program?,"The deadline for applying to this program is typically in the fall semester, but students should check the SJSU website for the most up-to-date information on application deadlines."
Can I get a scholarship for this program?,"Yes, students can get a scholarship for this program, but they must meet the scholarship requirements and apply for scholarships through the SJSU scholarship office."
What is the admission requirement for this program?,"The admission requirement for this program is a bachelor's degree in a related field, a minimum GPA of 3.0, and a statement of purpose."
Can I get a waiver for the English proficiency requirement?,"Yes, students can get a waiver for the English proficiency requirement if they have a bachelor's degree from a US institution or if they have a TOEFL score of 100 or higher."
What is the English proficiency requirement for this program?,"The English proficiency requirement for this program is a TOEFL score of 100 or higher, or a bachelor's degree from a US institution."
Can I get a conditional admission to this program?,"Yes, students can get a conditional admission to this program if they do not meet the admission requirements, but they have the potential to succeed in the program."
What is the conditional admission requirement for this program?,"The conditional admission requirement for this program is a bachelor's degree in a related field, a minimum GPA of 2.5, and a statement of purpose."
Can I get a transfer credit for a course I took at another institution?,"Yes, students can get a transfer credit for a course they took at another institution, but they must meet the transfer credit requirements and have the credits approved by the department."
What is the transfer credit requirement for this program?,"The transfer credit requirement for this program is a minimum of 3.0 GPA in the transferred courses, and the courses must be equivalent to the SJSU courses."
Can I take a course as a non-degree student?,"Yes, students can take a course as a non-degree student, but they must meet the non-degree student requirements and apply for non-degree student status through the SJSU registrar's office."
What is the non-degree student requirement for this program?,"The non-degree student requirement for this program is a bachelor's degree in a related field, a minimum GPA of 2.5, and a statement of purpose."
Can I get a certificate in cybersecurity?,"Yes, students can get a certificate in cybersecurity, but they must meet the certificate requirements and apply for the certificate through the SJSU certificate office."
What is the certificate requirement for this program?,"The certificate requirement for this program is a minimum of 12 units in the cybersecurity courses, and the courses must be equivalent to the SJSU courses."
Can I get a waiver for the certificate requirement?,"Yes, students can get a waiver for the certificate requirement if they have a bachelor's degree in a related field and a minimum GPA of 3.0."
What is the waiver requirement for the certificate requirement?,The waiver requirement for the certificate requirement is a bachelor's degree in a related field and a minimum GPA of 3.0.
What is the MS in Software Engineering program at SJSU?,"The MS in Software Engineering program, offered by the Department of Computer Engineering, provides students with an educational experience that builds on traditional computer science and engineering and takes an integrative approach to software engineering."
What are the specializations offered in the MSSE program?,"The MSSE program offers specializations in Enterprise Software Technologies, Cloud Computing and Virtualization, Software Systems Engineering, Data Science, Cybersecurity, and Networking Software."
Can students with undergraduate degrees in other engineering or science disciplines apply to the MSSE program?,"Yes, the MSSE program welcomes students with undergraduate degrees in other engineering or science disciplines and strong programming skills."
What is the class schedule like for the MSSE program?,Class schedules are designed for the convenience of employed engineers who wish to pursue graduate work on a part-time basis.
What are the program requirements for the MSSE program?,"The program requirements include degree core, specialization classes, electives, and a culminating experience."
Where can I find more information about the MSSE program requirements?,The MSSE program requirements can be found on the Department of Computer Engineering website at <https://cmpe.sjsu.edu/academic/ms-software-engineering/msse-program-requirements.php>
What are the six specializations offered in the MSSE program?,"The six specializations are Enterprise Software Technologies, Cloud Computing and Virtualization, Software Systems Engineering, Data Science, Cybersecurity, and Networking Software."
Where can I find more information about each specialization?,"More information about each specialization can be found on the Department of Computer Engineering website at <https://cmpe.sjsu.edu/academic/ms-software-engineering/msse-enterprise-software-technologies.php>, <https://cmpe.sjsu.edu/academic/ms-software-engineering/msse-cloud-computing.php>, <https://cmpe.sjsu.edu/academic/ms-software-engineering/msse-software-systems-engineering.php>, <https://cmpe.sjsu.edu/academic/ms-software-engineering/msse-data-science.php>, <https://cmpe.sjsu.edu/academic/ms-software-engineering/msse-cybersecurity.php>, and <https://cmpe.sjsu.edu/academic/ms-software-engineering/msse-networking-software.php>"
What are the program learning outcomes for the MSSE program?,"The program learning outcomes are: (a) demonstrate an understanding of advanced knowledge of the practice of software engineering, (b) tackle complex engineering problems and tasks, (c) demonstrate leadership and teamwork skills, (d) be aware of ethical, economic, and environmental implications, (e) advance successfully in the engineering profession, and (f) communicate effectively."
Can AI students take SE courses?,"No, AI students are not eligible to take SE courses, as the program is designed for students with a strong foundation in computer science and engineering."
Can I take courses on a fixed schedule of evening classes?,"Yes, the SJSU Davidson College of Engineering Extended Studies offers off-campus, cohort programs in Cloud/Mobile Computing, Data Science, and Cybersecurity, which confer a MS Software Engineering degree."
Where can I find more information about the Engineering Extended Studies programs?,More information about the Engineering Extended Studies programs can be found on the SJSU Davidson College of Engineering Extended Studies website at <https://ees.sjsu.edu/>
What is the duration of the MSSE program?,"The duration of the MSSE program is typically 2-3 years, depending on the student's course load and pace."
What is the tuition fee for the MSSE program?,The tuition fee for the MSSE program varies depending on the student's residency status and course load. Please check the SJSU website for the most up-to-date tuition information.
Can I apply to the MSSE program online?,"Yes, you can apply to the MSSE program online through the SJSU Graduate Admissions website."
What is the deadline for applying to the MSSE program?,The deadline for applying to the MSSE program varies depending on the semester. Please check the SJSU Graduate Admissions website for the most up-to-date application deadlines.
What are the admission requirements for the MSSE program?,"The admission requirements for the MSSE program include a bachelor's degree in a relevant field, a minimum GPA of 3.0, and a strong programming background."
Can I transfer credits from another institution to the MSSE program?,"Yes, you can transfer credits from another institution to the MSSE program, but please check with the SJSU Department of Computer Engineering for the transfer credit policy and procedures."
What is the culminating experience for the MSSE program?,"The culminating experience for the MSSE program is a comprehensive exam or a thesis, which demonstrates the student's mastery of the program learning outcomes."
Can I take courses online?,"Yes, some courses in the MSSE program are offered online, but please check with the SJSU Department of Computer Engineering for the online course offerings and schedules."
What is the enrollment restriction for the MSSE program?,"The enrollment restriction for the MSSE program is typically 20-25 students per cohort, depending on the semester and program capacity."
Can I take courses on a part-time basis?,"Yes, the MSSE program is designed for working professionals and can be taken on a part-time basis."
What is the career outcome for MSSE graduates?,"MSSE graduates can pursue careers in software engineering, product management, technical leadership, and other related fields."
What is the salary range for MSSE graduates?,"The salary range for MSSE graduates varies depending on the industry, location, and job title, but typically ranges from $80,000 to $120,000 per year."
What are the core courses required for the MSAI program at SJSU?,"The core courses required for the MSAI program at SJSU are CMPE 252 - Artificial Intelligence and Data Engineering (3 units), CMPE 257 - Machine Learning (3 units), and ISE 201 - Math Foundations for Decision and Data Sciences (3 units)."
How many units are required for the Specialization Courses in the MSAI program?,"Students must complete at least 6 units from the same specialization, which can be either Data Science or Autonomous Systems."
What are the courses required for the Data Science specialization in the MSAI program?,"The courses required for the Data Science specialization are CMPE 255 - Data Mining (3 units), CMPE 256 - Advanced Data Mining (3 units), and CMPE 259 - Natural Language Processing (3 units)."
Can I take courses from both Area A and Area B for the Elective Courses in the MSAI program?,"Yes, students can select 3 courses (9 units) from the list below, with at least 3 units from Area A and the remaining 6 units from either Area A or Area B."
What is the Graduate Writing Requirement for the MSAI program at SJSU?,Students must pass the Graduation Writing Assessment Requirement (GWAR) by completing CMPE 294 - Computer Engineering Seminar (3 units).
What are the options for the Culminating Experience in the MSAI program?,"Students must complete one of the following culminating experiences: a master's thesis or a master's project, which consists of CMPE 299A - Master's Thesis I (3 units), CMPE 299B - Master's Thesis II (3 units), CMPE 295A - Master's Project I (3 units), or CMPE 295B - Master's Project II (3 units)."
"Can AI students take SE courses, and vice versa?","No, AI students cannot take SE courses, and SE students cannot take AI courses. The MSAI program has its own set of required and elective courses."
Where can I find the latest course descriptions for the MSAI program?,The latest course descriptions for the MSAI program can be found in the SJSU catalog at https://catalog.sjsu.edu/preview_program.php?catoid=14&poid=8686.
What are the requirements for a master's thesis in the MSAI program?,A master's thesis includes original research on a topic approved by the thesis committee and must meet university requirements as stipulated in the SJSU Master's Thesis and Doctoral Dissertation Guidelines.
Can I choose my own topic for the master's project in the MSAI program?,"Yes, students can choose their own topic for the master's project, but it must be approved by the Graduate Advisor and the advisor."
How many units are required for the Culminating Experience in the MSAI program?,"The Culminating Experience requires 6 units, which can be completed through either a master's thesis or a master's project."
What is the purpose of the Graduate Writing Requirement in the MSAI program?,The Graduate Writing Requirement is designed to ensure that students have the necessary writing skills to complete their graduate program.
Can I take the Graduate Writing Requirement course concurrently with other courses?,"No, students must complete the Graduate Writing Requirement course before taking other courses in the program."
What is the deadline for completing the Culminating Experience in the MSAI program?,The deadline for completing the Culminating Experience is the same as the deadline for completing all other program requirements.
Can I take the Culminating Experience course concurrently with other courses?,"No, students must complete the Culminating Experience course after completing all other program requirements."
What is the purpose of the Specialization Courses in the MSAI program?,The Specialization Courses are designed to provide students with in-depth knowledge in a specific area of artificial intelligence.
Can I change my specialization after completing the core courses?,"No, students must declare their specialization at the time of admission and cannot change it after completing the core courses."
What is the purpose of the Elective Courses in the MSAI program?,The Elective Courses are designed to provide students with flexibility in their course selection and to allow them to explore different areas of artificial intelligence.
Can I take more than 9 units of Elective Courses?,"No, students can only take a maximum of 9 units of Elective Courses."
What is the purpose of the Graduate Writing Requirement in the MSAI program?,The Graduate Writing Requirement is designed to ensure that students have the necessary writing skills to complete their graduate program.
Can I take the Graduate Writing Requirement course concurrently with other courses?,"No, students must complete the Graduate Writing Requirement course before taking other courses in the program."
What is the deadline for applying to the MSAI program?,The deadline for applying to the MSAI program varies depending on the semester and is typically in October for the spring semester and March for the fall semester.
What is the admission process for the MSAI program?,"The admission process for the MSAI program involves submitting an application, providing transcripts, and taking the GRE or other required exams."
Can I apply to the MSAI program if I do not have a background in computer science?,"No, the MSAI program requires a background in computer science and related fields."
What is the tuition fee for the MSAI program?,The tuition fee for the MSAI program varies depending on the student's residency status and other factors.
Can I receive financial aid for the MSAI program?,"Yes, students can receive financial aid for the MSAI program through scholarships, grants, and loans."
What is the duration of the MSAI program?,"The duration of the MSAI program is typically 2 years, but can vary depending on the student's course load and other factors."
Can I take courses online for the MSAI program?,"Yes, some courses in the MSAI program are available online, but others may require on-campus attendance."
What is the policy on transfer credits for the MSAI program?,"The policy on transfer credits for the MSAI program is that up to 6 units of transfer credits can be accepted, but must be approved by the program advisor."
Can I take courses from other departments for the MSAI program?,"Yes, students can take courses from other departments, but must obtain approval from the program advisor."
What is the policy on course substitutions for the MSAI program?,"The policy on course substitutions for the MSAI program is that students can substitute courses with the approval of the program advisor, but must meet the program's requirements."
Can I take a leave of absence from the MSAI program?,"Yes, students can take a leave of absence from the MSAI program, but must obtain approval from the program advisor."
What is the policy on readmission to the MSAI program?,The policy on readmission to the MSAI program is that students who have been absent for more than 2 years must reapply to the program and meet the current admission requirements.
Can I receive a refund for the MSAI program?,"Yes, students can receive a refund for the MSAI program, but must follow the university's refund policy."
What is the policy on course withdrawals for the MSAI program?,"The policy on course withdrawals for the MSAI program is that students can withdraw from courses with a grade of W, but must meet the university's withdrawal policy."
Can I take a course for credit/no credit for the MSAI program?,"Yes, students can take a course for credit/no credit, but must meet the university's credit/no credit policy."
What is the policy on course repeats for the MSAI program?,"The policy on course repeats for the MSAI program is that students can repeat courses, but must meet the university's repeat policy."
Can I receive a degree from the MSAI program?,"Yes, students who complete the MSAI program requirements can receive a Master of Science in Artificial Intelligence degree."
What is the graduation requirement for the MSAI program?,"The graduation requirement for the MSAI program is that students must complete all program requirements, including the core courses, specialization courses, elective courses, and culminating experience."
Can I graduate with a minor in the MSAI program?,"No, the MSAI program does not offer a minor."
What is the policy on course prerequisites for the MSAI program?,"The policy on course prerequisites for the MSAI program is that students must meet the prerequisites for each course, which are listed in the course catalog."
Can I take a course without meeting the prerequisites?,"No, students must meet the prerequisites for each course before taking it."
What is the policy on course overload for the MSAI program?,"The policy on course overload for the MSAI program is that students can take more than 12 units per semester, but must obtain approval from the program advisor."
Can I take a course pass/fail for the MSAI program?,"No, students cannot take courses pass/fail in the MSAI program."
What is the policy on course auditing for the MSAI program?,"The policy on course auditing for the MSAI program is that students can audit courses, but must meet the university's auditing policy."
Can I take a course for graduate credit as an undergraduate?,"No, students must be enrolled in the MSAI program to take courses for graduate credit."
What is the policy on course substitutions for the MSAI program?,"The policy on course substitutions for the MSAI program is that students can substitute courses with the approval of the program advisor, but must meet the program's requirements."
Can I take a course from another university for the MSAI program?,"Yes, students can take courses from another university, but must obtain approval from the program advisor and meet the university's transfer credit policy."
What is the policy on course waivers for the MSAI program?,"The policy on course waivers for the MSAI program is that students can waive courses with the approval of the program advisor, but must meet the program's requirements."
Can I take a course without a prerequisite?,"No, students must meet the prerequisites for each course before taking it."
What is the policy on course overload for the MSAI program?,"The policy on course overload for the MSAI program is that students can take more than 12 units per semester, but must obtain approval from the program advisor."
Can I take a course pass/fail for the MSAI program?,"No, students cannot take courses pass/fail in the MSAI program."
What is the policy on course auditing for the MSAI program?,"The policy on course auditing for the MSAI program is that students can audit courses, but must meet the university's auditing policy."
Can I take a course for graduate credit as an undergraduate?,"No, students must be enrolled in the MSAI program to take courses for graduate credit."
What is the policy on course substitutions for the MSAI program?,"The policy on course substitutions for the MSAI program is that students can substitute courses with the approval of the program advisor, but must meet the program's requirements."
Can I take a course from another university for the MSAI program?,"Yes, students can take courses from another university, but must obtain approval from the program advisor and meet the university's transfer credit policy."
What is the policy on course waivers for the MSAI program?,"The policy on course waivers for the MSAI program is that students can waive courses with the approval of the program advisor, but must meet the program's requirements."
What is the Networking Software specialization in the MS in Software Engineering program?,"The Networking Software specialization provides a unique opportunity for software engineers to learn the fundamentals and design, development, and implementation of networking and distributed systems. It focuses on network architecture, transport and application layer protocols, network programming and analysis, and includes advanced topics in network security, multimedia networking, and more."
What are the required specialization core courses for the Networking Software specialization?,"The required specialization core courses are CMPE 206: Computer Network Design and CMPE 207: Network Programming and Applications, which are both 3-unit courses."
What are the specialization choice courses for the Networking Software specialization?,"The specialization choice courses are CMPE 273: Enterprise Distributed Systems, CMPE 275: Enterprise Application Development, CMPE 281: Cloud Technologies, CMPE 283: Virtualization Technologies, CMPE 285: Software Engineering Processes, CMPE 287: Software Quality Assurance and Testing, CMPE 257: Machine Learning, CMPE 258: Deep Learning, CMPE 209: Network Security, and CMPE 279: Software Security Technologies."
How many units are required for the specialization choice courses?,The specialization choice courses are 3 units each.
Can I take more than one specialization choice course?,"No, you can only take one specialization choice course."
Are there any prerequisites for the specialization core courses?,"Yes, CMPE 206: Computer Network Design requires CMPE 105: Introduction to Computer Networks, and CMPE 207: Network Programming and Applications requires CMPE 206: Computer Network Design."
Can I take the specialization core courses before taking the prerequisite courses?,"No, you must take the prerequisite courses before taking the specialization core courses."
Are the specialization core and choice courses available online?,"Some courses may be available online, but it's best to check with the department for availability and scheduling."
Can I take the specialization core and choice courses during the summer semester?,"Yes, some courses may be available during the summer semester, but it's best to check with the department for availability and scheduling."
Can I take the specialization core and choice courses as a non-degree student?,"Yes, but you must meet the prerequisites and admission requirements for the course."
Can I transfer credits from another institution to the Networking Software specialization?,"Yes, but you must meet the transfer credit requirements and have the credits approved by the department."
Can I take the specialization core and choice courses if I'm an AI student?,"Yes, but you must meet the prerequisites and admission requirements for the course, and check with the department for any specific requirements or restrictions."
Can I take the specialization core and choice courses if I'm a SE student?,"Yes, but you must meet the prerequisites and admission requirements for the course, and check with the department for any specific requirements or restrictions."
What is the typical duration of the Networking Software specialization?,"The typical duration of the specialization is 2 years, but it may vary depending on your course load and other factors."
Can I take the specialization core and choice courses part-time?,"Yes, but you must meet the prerequisites and admission requirements for the course, and check with the department for any specific requirements or restrictions."
Are there any scholarships or financial aid available for the Networking Software specialization?,"Yes, there are scholarships and financial aid available, but you must meet the eligibility requirements and apply through the university's financial aid office."
Can I take the specialization core and choice courses if I'm an international student?,"Yes, but you must meet the admission requirements for the course, and check with the department for any specific requirements or restrictions."
What is the language of instruction for the Networking Software specialization?,The language of instruction is English.
Can I take the specialization core and choice courses if I have a disability?,"Yes, but you must provide documentation and meet with the department's disability services office to discuss accommodations."
Can I take the specialization core and choice courses if I'm a veteran?,"Yes, but you must meet the admission requirements for the course, and check with the department for any specific requirements or restrictions."
What is the contact information for the department?,The contact information for the department is [insert contact information].
What is the purpose of the Graduate FAQ at SJSU?,"The Graduate FAQ is a resource for current and new graduate students at SJSU, providing an easy-to-use guide to answer common questions about graduate studies."
What are the six sections of the Graduate FAQ?,"The six sections of the Graduate FAQ are: General, Admissions, Academic Planning/Enrollment, Advancement to Candidacy, Jobs/Internships, and Culminating Experience."
Is my program a STEM program?,"Yes, all graduate programs in the College of Engineering are considered STEM programs."
Who should I contact for Visa and residency related questions?,"You should contact the ISSS Office, either virtually or in person, for any questions related to your student visa, other visa status, or compliance with immigration regulations."
What is Conditional Classification?,"Conditional Classification refers to your admission standing at SJSU, meaning you have not satisfied all the required conditions for admission. You are not allowed to take more than 12 units of graduate courses until the conditions are satisfied."
What is Classified status?,Classified status indicates that you have satisfied all of the conditions of admission.
Are there test requirements for admission?,It depends on the program you are applying to. Please check the GAPE website for test requirements by College and program.
Can I request a waiver to take the prerequisite courses in my admission letter?,"No, Conditional admission requires that your conditions are satisfied. If you have any prior coursework that might be similar and/or have any questions about your conditions, please contact your program advisor to receive guidance."
What are the tuition fees?,Tuition fees and other fees for graduate students can be found under the Bursar's Office website.
I have questions about an admission deferral. Who should I contact?,You should contact the Admissions' Office for questions about admission deferral to a graduate program.
I have been admitted and have questions about the next steps. Where can I find the information?,You can find the steps to enrollment and who to contact if you have questions on the Admissions' Office website.
Does the Department of Aviation and Technology offer a graduate program?,"Yes, it is currently called MS in Quality Assurance, but there is a plan to rename it to MS in Engineering Technology in the near future."
I am a foreign student and just got admitted. What courses should I take?,"You should attend the New Student Orientation, which is generally scheduled at the beginning of a semester. You will be notified by your program advisor via email, detailing the schedule and place of the meeting."
Can I register for more than 4 courses per semester?,"No, please follow the Registrar's Office guidelines for maximum units allowed. Additionally, the CMPE Department has a policy that limits enrollment for its graduate students at 12 units maximum per semester."
Where can I get the permission number? How do you know the instructor's name?,Permission numbers for each course are assigned to course instructors. You will be able to see the course instructor's name under the MySJSU portal about two to three weeks before each semester starts or earlier.
How do I enroll in a course?,You can enroll via MySJSU during advance registration. The Registrar's Office has a tutorial on how to add a course.
How do I drop a course?,You can drop a course by using the 'drop' tab in MySJSU. You can check the steps on the Registrar's Office website.
It is almost the first day of the semester and I am trying to enroll but I get an error message. Why?,You might be trying to enroll during the two days of registration closed prior to the start of the semester. Please check the Registrar's Office calendar to confirm.
Will I get a refund if I drop the course?,"To learn more about the refund policy, please check the Bursar's Office website. If you are taking a course during summer session, information about refund and drop deadlines can also be found on the summer session calendar."
Do I need advising every semester in order to register for classes?,"It depends on the program. Some programs place an advising hold that requires you to meet with your program advisor every term, while other programs require this meeting only from students who are on academic probation."
What is the Graduate Writing Assessment Requirement (GWAR)?,Please see the university catalog for information regarding the GWAR.
Where can I get the candidacy form?,You may obtain the Candidacy form from the GAPE forms site.
When should I file for Candidacy?,"You will need to be in classified status in your program, have earned at least 9 units of letter-graded courses, have fulfilled the GWAR, and be in good standing to file your advancement to candidacy petition."
What if I filed for Candidacy and want to change one of the courses listed on the approved Candidacy Form?,You will need to file a Request for Course Substitution to substitute a core or an elective course listed on the candidacy form.
Am I eligible to work for 40 hours a week during my Fall & Spring semester?,"No, internship work during the Fall and Spring semesters is limited to 20 hours per week maximum for international students via the Curricular Practical Training (CPT) program."
Can I work both a part-time on-campus job and an off-campus full-time job together?,"No, full-time work for international students on CPT is allowed during the summer term. You can also work on campus during that time of the year if your schedule allows."
When can be the last day for an internship?,Please be aware of the authorized window for CPT for each term by consulting the CPT webpage from the ISSS Office.
What is Culminating Experience?,Your culminating experience is a project or a thesis at the graduate level. A Culminating Experience Form is required by the university to show that you have met the necessary skills to obtain an MS degree.
What is the purpose of the Graduate FAQ section?,"The Graduate FAQ section is a resource for current and new graduate students at SJSU, providing answers to common questions in six sections: General, Admissions, Academic Planning/Enrollment, Advancement to Candidacy, Jobs/Internships, and Culminating Experience."
What is a STEM program?,All graduate programs in the College of Engineering are considered STEM programs.
Who should I contact for Visa and residency related questions?,"For any questions related to your student visa, other visa status, or compliance with immigration regulations, please visit the ISSS Office (virtual or in person) and check their website."
What is Conditional Classification?,"Conditional Classification refers to your admission standing at SJSU, meaning you have not satisfied all the required conditions for admission. You are not allowed to take more than 12 units of graduate courses until the conditions are satisfied."
What is Classified status?,Classified status indicates that you have satisfied all of the conditions of admission.
Are there test requirements for admission?,It depends on the program you are applying to. Please check the GAPE website for test requirements by College and program.
Can I request a waiver to take the prerequisite courses in my admission letter?,"Conditional admission requires that your conditions are satisfied. If you have any prior coursework that might be similar and/or have any questions about your conditions, please contact your program advisor to receive guidance."
What are the tuition fees?,Tuition fees and other fees for graduate students can be found under the Bursar's Office website.
I have questions about an admission deferral. Who should I contact?,"For questions about admission deferral to a graduate program, please check the webpage by the Admissions' Office."
I have been admitted and have questions about the next steps. Where can I find the information?,Check out the steps to enrollment and who to contact if you have questions on the Admissions' Office website.
Does the Department of Aviation and Technology offer a graduate program?,"Yes, it is currently called MS in Quality Assurance, but there is a plan to rename it to MS in Engineering Technology in the near future."
I am a foreign student and just got admitted. What courses should I take?,"You should attend the New Student Orientation, which is generally scheduled at the beginning of a semester. You will be notified by your program advisor via email, detailing the schedule and place of the meeting."
Can I register for more than 4 courses per semester?,"Please follow the Registrar's Office guidelines for maximum units allowed. Additionally, the CMPE Department has a policy that limits enrollment for its graduate students at 12 units maximum per semester."
Where can I get the permission number? How do you know the instructor's name?,Permission numbers for each course are assigned to course instructors. You will be able to see the course instructor's name under the MySJSU portal about two to three weeks before each semester starts or earlier.
How do I enroll in a course?,"You can enroll via MySJSU during advance registration, and the Registrar's Office has a tutorial on how to add a course."
How do I drop a course?,Dropping a course is like adding but use the 'drop' tab instead. You can check the steps on the Registrar's Office website.
"It is almost the first day of the semester, and I am trying to enroll but I get an error message. Why?","You might be trying to enroll during the two days of registration closed prior to the start of the semester. To check if this is the reason, please check the Registrar's Office calendar that specifies those dates of no registration activity."
Will I get a refund if I drop the course?,"To learn more about the refund policy, you should check the Bursar's Office website. If you are taking a course during summer session, information about refund and drop deadlines can also be found on the summer session calendar."
Do I need advising every semester in order to register for classes?,"It depends on the program. Some programs place an advising hold that requires you to meet with your program advisor every term, while other programs require this meeting only from students who are on academic probation."
What is the Graduate Writing Assessment Requirement (GWAR)?,Please see the university catalog for information regarding the GWAR.
Where can I get the candidacy form?,You may obtain the Candidacy form from the GAPE forms site.
When should I file for Candidacy?,"You will need to be in classified status in your program, have earned at least 9 units of letter-graded courses, have fulfilled the GWAR, and be in good standing to file your advancement to candidacy petition."
What if I filed for Candidacy and want to change one of the courses listed on the approved Candidacy Form?,You will need to file a Request for Course Substitution to substitute a core or an elective course listed on the candidacy form.
Am I eligible to work for 40 hours a week during my Fall & Spring semester?,Internship work during the Fall and Spring semesters is limited to 20 hours per week maximum for international students via the Curricular Practical Training (CPT) program.
Can I work both a part-time on-campus job and an off-campus full-time job together?,Full-time work for international students on CPT is allowed during the summer term. You can also work on campus during that time of the year if your schedule allows.
When can be the last day for an internship?,"If you are doing CPT, please be aware of the authorized window for CPT for each term by consulting the CPT webpage from the ISSS Office."
What is Culminating Experience?,Your culminating experience is a project or a thesis at the graduate level. A Culminating Experience Form is required by the university to show that you have met the necessary skills to obtain an MS degree.
What is the MS in Software Engineering - Software Systems Engineering Specialization?,"The MS in Software Engineering - Software Systems Engineering Specialization provides current and future software professionals with the essential skills and real-world knowledge to succeed in the software engineering field. It offers an education in the fundamentals of software engineering and an in-depth exposure to the latest technologies and trends in software development processes, methodologies, and tools."
What are the required specialization core classes for the MSSE Software Systems Engineering Specialization?,"The required specialization core classes are CMPE 285 Software Engineering Processes and CMPE 287 Software Quality Assurance and Testing, which are both 3-unit classes."
How many units are required for the specialization core classes?,"The specialization core classes require 6 units, which means students must take both CMPE 285 and CMPE 287."
What are the specialization choice classes for the MSSE Software Systems Engineering Specialization?,"The specialization choice classes are CMPE 273 Enterprise Distributed Systems, CMPE 275 Enterprise Application Development, CMPE 281 Cloud Technologies, CMPE 283 Virtualization Technologies, CMPE 206 Computer Network Design, CMPE 207 Network Programming and Applications, CMPE 257 Machine Learning, CMPE 258 Deep Learning, CMPE 209 Network Security, and CMPE 279 Software Security Technologies."
How many units are required for the specialization choice classes?,"The specialization choice classes require 3 units, which means students must take one of the listed classes."
Can I take more than one specialization choice class?,"No, students can only take one specialization choice class, which is 3 units."
Are there any prerequisites for the MSSE Software Systems Engineering Specialization?,"No, there are no prerequisites for the MSSE Software Systems Engineering Specialization, but students must have a bachelor's degree in a related field or have relevant work experience."
Can I take the MSSE Software Systems Engineering Specialization as a part-time student?,"Yes, the MSSE Software Systems Engineering Specialization can be taken as a part-time student, but students must meet the program requirements and deadlines."
Can I take the MSSE Software Systems Engineering Specialization online?,"Yes, some classes in the MSSE Software Systems Engineering Specialization are offered online, but students must check the course schedule for availability."
Can AI students take SE courses?,"Yes, AI students can take SE courses, but they must meet the program requirements and prerequisites."
Can SE students take AI courses?,"Yes, SE students can take AI courses, but they must meet the program requirements and prerequisites."
What is the typical duration of the MSSE Software Systems Engineering Specialization?,"The typical duration of the MSSE Software Systems Engineering Specialization is 2 years, but students can complete the program in 1 year with a heavy course load."
What is the tuition fee for the MSSE Software Systems Engineering Specialization?,The tuition fee for the MSSE Software Systems Engineering Specialization varies depending on the student's residency status and the number of units taken. Students can check the SJSU website for the current tuition fee.
Are there any scholarships or financial aid available for the MSSE Software Systems Engineering Specialization?,"Yes, there are scholarships and financial aid available for the MSSE Software Systems Engineering Specialization. Students can check the SJSU website for more information."
Can I transfer credits from another university to the MSSE Software Systems Engineering Specialization?,"Yes, students can transfer credits from another university to the MSSE Software Systems Engineering Specialization, but they must meet the program requirements and prerequisites."
What is the deadline for applying to the MSSE Software Systems Engineering Specialization?,"The deadline for applying to the MSSE Software Systems Engineering Specialization varies depending on the semester, but students can check the SJSU website for the current deadline."
Can I apply to the MSSE Software Systems Engineering Specialization if I do not have a bachelor's degree in a related field?,"Yes, students can apply to the MSSE Software Systems Engineering Specialization if they do not have a bachelor's degree in a related field, but they must have relevant work experience or meet the program requirements."
What is the admission process for the MSSE Software Systems Engineering Specialization?,"The admission process for the MSSE Software Systems Engineering Specialization involves submitting an application, transcripts, and test scores, and meeting the program requirements and prerequisites."
Can I enroll in the MSSE Software Systems Engineering Specialization if I am an international student?,"Yes, international students can enroll in the MSSE Software Systems Engineering Specialization, but they must meet the program requirements and prerequisites, and provide additional documentation."
What is the language of instruction for the MSSE Software Systems Engineering Specialization?,The language of instruction for the MSSE Software Systems Engineering Specialization is English.
Can I take a leave of absence from the MSSE Software Systems Engineering Specialization?,"Yes, students can take a leave of absence from the MSSE Software Systems Engineering Specialization, but they must meet the program requirements and deadlines."
Can I withdraw from the MSSE Software Systems Engineering Specialization?,"Yes, students can withdraw from the MSSE Software Systems Engineering Specialization, but they must meet the program requirements and deadlines."
What is the refund policy for the MSSE Software Systems Engineering Specialization?,The refund policy for the MSSE Software Systems Engineering Specialization varies depending on the semester and the student's status. Students can check the SJSU website for the current refund policy.
